Name,Description,Latitude,Longitude,Date,Country,Type,Seasonal Weather,Google Maps,Yr Weather
Tvindefossen,"落地日可选；扇形层叠瀑布，建议20–30分钟。BGO晚于13:00出发则跳过。",60.72749,6.48932,2026-09-29,Norway,Waterfall,"约4–11°C；阵雨、水雾、湿滑","https://www.google.com/maps/search/?api=1&query=Tvindefossen","https://www.yr.no/en/search?q=Tvindefossen"
Gudvangen,"纳柔依峡湾内端；山壁从水边直立，9/29短停或9/30游船终点。",60.87865,6.83917,"2026-09-29 / 2026-09-30",Norway,Fjord village,"约5–12°C；低云、湿冷阵雨","https://www.google.com/maps/search/?api=1&query=Gudvangen%20Norway","https://www.yr.no/en/search?q=Gudvangen"
Aurland,"两晚住宿基地；比Flåm安静，适合根据天气调整观景台与游船顺序。",60.90621,7.19069,"2026-09-29—2026-10-01",Norway,Base,"约5–13°C；晨雾、阵雨、低云","https://www.google.com/maps/search/?api=1&query=Aurland%20Norway","https://www.yr.no/en/search?q=Aurland"
Stegastein,"650米峡湾观景台；30米木平台俯瞰Aurlandsfjord完整弧线。",60.90836,7.21279,2026-09-30,Norway,Viewpoint,"约0–7°C；强风、雾、薄冰风险","https://www.google.com/maps/search/?api=1&query=Stegastein%20Viewpoint","https://www.yr.no/en/search?q=Stegastein"
Flåm,"河谷与峡湾码头；作为纳柔依峡湾游船起点，不叠加高山火车。",60.86365,7.11717,2026-09-30,Norway,Fjord port,"约5–12°C；多云、阵雨、甲板风寒","https://www.google.com/maps/search/?api=1&query=Flam%20Norway","https://www.yr.no/en/search?q=Flam"
Nærøyfjord,"世界遗产窄峡湾；近垂直山壁、瀑布和农舍，建议Flåm至Gudvangen游船。",60.93450,6.93150,2026-09-30,Norway,Fjord cruise,"约5–12°C；低云细雨，甲板需防水保暖","https://www.google.com/maps/search/?api=1&query=Naeroyfjord","https://www.yr.no/en/search?q=Nærøyfjord"
Oslo Opera / Bjørvika,"长驾后可选的海港建筑散步；按体力随时结束。",59.90750,10.75330,2026-10-01,Norway,City walk,"约7–15°C；阵雨、海风、湿滑石面","https://www.google.com/maps/search/?api=1&query=Oslo%20Opera%20House","https://www.yr.no/en/search?q=Oslo"
Gamla Stan / Stortorget,"13世纪老城与最古老广场；彩色立面、弯曲石巷、桥梁和水面。",59.32540,18.07080,2026-10-02,Sweden,Old town,"约7–13°C；傍晚降温、阵雨、穿堂风","https://www.google.com/maps/search/?api=1&query=Stortorget%20Stockholm","https://www.yr.no/en/search?q=Gamla%20Stan"
Vasa Museum,"几乎完整保存的17世纪战舰；建议开门即进，停留2–2.5小时。",59.32800,18.09140,2026-10-03,Sweden,Museum,"室外约7–13°C；雨天稳定选择","https://www.google.com/maps/search/?api=1&query=Vasa%20Museum","https://www.yr.no/en/search?q=Stockholm"
Djurgården,"皇家绿色岛屿；Vasa之后沿运河散步，降低行程密度。",59.32580,18.12000,2026-10-03,Sweden,Park,"约6–13°C；临水风、短时阵雨","https://www.google.com/maps/search/?api=1&query=Djurgardsbrunnskanalen","https://www.yr.no/en/search?q=Djurgården"
Stockholm City Hall,"红砖城市地标与诺贝尔晚宴建筑；内部仅随导览参观。",59.32750,18.05440,2026-10-04,Sweden,Architecture,"约7–13°C；水岸风、雨天石阶滑","https://www.google.com/maps/search/?api=1&query=Stockholm%20City%20Hall","https://www.yr.no/en/search?q=Stockholm"
Södermalm / Monteliusvägen,"生活化街区与500米湖岸观景路；看市政厅、Riddarholmen和日落。",59.31960,18.05780,2026-10-04,Sweden,View walk,"约6–13°C；观景路风大、湿滑","https://www.google.com/maps/search/?api=1&query=Monteliusvagen","https://www.yr.no/en/search?q=Södermalm"
Östermalms Saluhall,"1888年红砖铸铁食品市场；周一09:30开门，返程前吃早午餐。",59.33600,18.07900,2026-10-05,Sweden,Food market,"约7–13°C；室内为主，不受降雨影响","https://www.google.com/maps/search/?api=1&query=Ostermalms%20Saluhall","https://www.yr.no/en/search?q=Stockholm"
